﻿Timestamp,QuestionId,ResponseId,QuestionDesc,ResultText,ResultTextPred,Summary
02/10/2022 03:55:23,_1_Q06_2,R_6SDbLxHOZDERRDT,Other Reason for Ease of Scheduling Onsite Service,service was not available.,service was not available,service was not available
02/10/2022 03:55:23,_1_Q06_2,R_8IgKjnenMZ5qjgF,Other Reason for Ease of Scheduling Onsite Service,Staff appeared not too early or had to go through subsequent appointment to rush again,Staff appeared not too early and had to go through subsequent appointment to rush again,staff not early and subsequent appointments
02/10/2022 03:55:23,_1_Q06_2,R_9n0FMUvPkho1I8Z,Other Reason for Ease of Scheduling Onsite Service,It's been a long time since I called Agilent to arrange Engineers.,It's been a long time since I called Agilent to arrange Engineers.,long time since I called Agilent for engineer
02/10/2022 03:55:23,_1_Q06_2,R_eJKhZ1p3WodlGkd,Other Reason for Ease of Scheduling Onsite Service,No communication until we chased them up and wasting our time,No communication until we chased them up and wasting our time,No communication until we chased them up and wasting our time
02/10/2022 03:55:23,_1_Q06_2,R_doHmvSeSUs3VPcp,Other Reason for Ease of Scheduling Onsite Service,"It has been indicated that the malfunction of the instrument in Shanghai needs repairing. Because I am affiliated with the company in Wuhan, customer service is always transferred to the dispatch of Wuhan. Back to Shanghai, very delayed maintenance progress.","It has been indicated that the malfunction of the instrument in Shanghai needs repairing. Because I am affiliated with the company in Wuhan, customer service is always transferred to the dispatch of Wuhan. Back to Shanghai, very delayed maintenance progress.","malfunction of the instrument, customer service always transferred to the dispatch and very delayed maintenance"
02/10/2022 03:55:23,_1_Q06_2,R_9nvGRnBGiQ18KBT,Other Reason for Ease of Scheduling Onsite Service,Very difficult to organize because several representative Agilent involved,Very difficult to organize because several representative Agilent involved,Very difficult to organize because several representative Agilent involved
02/10/2022 03:55:14,_1_Q05_TR_3,R_6X7AuP3Pj4FF3Yp,Other Reason for Ability to Diagnose Issue,pas de réponse à mon problème,no answer to my problem,no answer to my problem
02/10/2022 03:55:14,_1_Q05_TR_3,R_6nSuvdVeOaVZLp3,Other Reason for Ability to Diagnose Issue,こちらの説明不足もありますが、絶対にしていない手順を確認することになったこと,"Although there is a lack of explanation here, I decided to check the steps that I had never done.",lack of explanation and decided to check the steps
02/10/2022 03:55:14,_1_Q05_TR_3,R_79ZxrSoxgrt5YoJ,Other Reason for Ability to Diagnose Issue,担当者の専門性によるのか、担当者により差異がある。ある担当者は不可と回答するが、別の担当者は異なる回答や提案をする。,"There are differences depending on the person in charge, perhaps due to the specialist's expertise. One person in charge will say no, but another person will give a different answer or suggestion","differences depending on the person in charge, one person in charge will say no, but another person will give different answer or suggestion"
02/10/2022 03:55:14,_1_Q05_TR_3,R_7aqQCSRMe9SQygJ,Other Reason for Ability to Diagnose Issue,他社のサポート体制とほぼ同じ。とても良いと判断できる要素が最近の案件ではなかった。,Almost the same as other companies support systems. There were no elements that could be judged to be very good in recent projects.,same as other companies support systems and no elements that could be judged
02/10/2022 03:55:14,_1_Q05_TR_3,R_8BQuesB3VoY4cSh,Other Reason for Ability to Diagnose Issue,コミュニケーション的に良いのレベルだと思います。,I think this is a good level of communication.,good level of communication
02/10/2022 03:55:14,_1_Q05_TR_3,R_baouqUAvKIxQciV,Other Reason for Ability to Diagnose Issue,"O tecnico estava atendendo a outros chamados e demorou um pouco pra conseguir me atender, ele diagnosticou o meu problema por email.","The technician was answering other calls and it took him a while to get to me, he diagnosed my problem via email.",technician was answeing other calls and it took him a while to diagnosed my problem 
02/10/2022 03:55:14,_1_Q05_TR_3,R_eksn3dhGrhRZ4j3,Other Reason for Ability to Diagnose Issue,se ovenstående,see above,see above
02/10/2022 03:55:14,_1_Q05_TR_3,R_4JdVjW1hrQUfejr,Other Reason for Ability to Diagnose Issue,ver comentario anterior,see previous comment,see previous comment
02/10/2022 03:55:14,_1_Q05_TR_3,R_4OyxQ3r5vG4G0UR,Other Reason for Ability to Diagnose Issue,微信公众号的沟通图片太不清晰了,The communication pictures on the WeChat official account are too unclear,communication pictures on the WeChat official account are too unclear
02/10/2022 03:55:14,_1_Q05_TR_3,R_3KTLCcbIumD74I5,Other Reason for Ability to Diagnose Issue,Telefonat wurde nur auf Englisch geführt - bei Fachausdrücken sehr schwierig,The phone call was only conducted in English - very difficult with technical terms,phone call conducted in english - very difficult with technical terms
02/10/2022 03:55:14,_1_Q05_TR_3,R_0rK0lrwOjH41C6h,Other Reason for Ability to Diagnose Issue,公司不能使用line,Companies cannot use line,Companies cannot use line
02/10/2022 03:55:14,_1_Q05_TR_3,R_3UHuunRpB5BxmF7,Other Reason for Ability to Diagnose Issue,svært når man får fat i en som taler engelsk og ikke dansk,difficult when you get hold of someone who speaks English and not Danish,difficult when you get hold of someone who speaks English and not Danish
02/10/2022 03:55:14,_1_Q05_TR_3,R_6gMQzdtzjTdAAxn,Other Reason for Ability to Diagnose Issue,Un problema lo resolví muy bien pero tenía otra duda y debía dirigirme a otra persona,I solved a problem very well but I had another question and had to contact someone else,I solved a problem very well but I had another question and had to contact someone else
02/10/2022 03:55:14,_1_Q05_TR_3,R_6KAGGBoDjqSmrDD,Other Reason for Ability to Diagnose Issue,设备出峰不正常原因复杂，所以拖沓了一段时间,"The reasons for the abnormal peaking of the equipment are complicated, so it has been delayed for a while.",reason for the abnormal peaking of the equipment are complicated and has been delayed
02/10/2022 03:55:14,_1_Q05_TR_3,R_aXgYCHW6oTPBFJ3,Other Reason for Ability to Diagnose Issue,Es ging um den Umzug. Es war ein langes hin und her. Bin selber aber auch nicht unschuldig.,It was about moving. It was a long back and forth. But I'm not innocent myself.,It was about moving. It was a long back and forth
02/10/2022 03:55:14,_1_Q05_TR_3,R_b78xnU8BdrVTgKp,Other Reason for Ability to Diagnose Issue,Die Beschreibung des Vorgehens war nicht detailiert.,The description of the procedure was not detailed,The description of the procedure was not detailed
02/10/2022 03:55:14,_1_Q05_TR_3,R_b7NzvT5gFBXJZVb,Other Reason for Ability to Diagnose Issue,praticamente nessuna possibilità di scelta se non la sostituzione,practically no option other than replacement,practically no option other than replacement
02/10/2022 03:55:14,_1_Q05_TR_3,R_e2PpS6hFZYNGfXL,Other Reason for Ability to Diagnose Issue,"Utanför supportavtal fås ingen hjälp via telefon, e-mail eller chat.","Outside of a support agreement, no help is available via phone, e-mail or chat.","Outside of a support agreement, no help is available"
02/10/2022 03:55:14,_1_Q05_TR_3,R_e4fE0BVItonmq5n,Other Reason for Ability to Diagnose Issue,售后工程师水平参差不齐,The level of after-sales engineers varies,level of after-sales engineers varies
02/10/2022 03:55:14,_1_Q05_TR_3,R_cA9cuEXAhRdynoF,Other Reason for Ability to Diagnose Issue,"We want to request a specific Eng to serve us, but your staff said it could not be done.","We want to request a specific Engineer to serve us, but your staff said it could not be done.",requested specific engineer but your staff said it could not be done
02/10/2022 03:55:14,_1_Q05_TR_3,R_d0EVFk6OBhfBHtr,Other Reason for Ability to Diagnose Issue,No pudimos detectar por teléfono cual era el problema real,We couldn't detect over the phone what the real problem was,We couldn't detect over the phone what the real problem was
02/10/2022 03:55:14,_1_Q05_TR_3,R_eP3lFThiecDGO7r,Other Reason for Ability to Diagnose Issue,有些问题需要现场和专业工程师来进行问题的确认，无法远程彻底解决。,Some problems require on-site and professional engineers to confirm the problem and cannot be completely solved remotely.,Some problems require on-site and professional engineers to confirm the problem and cannot be completely solved remotely.
02/10/2022 03:55:14,_1_Q05_TR_3,R_6fg2Hg0oTp9OpQp,Other Reason for Ability to Diagnose Issue,"Pumpen werden seitens Agilent nicht repariert, es gibt kein Austauschprogramm, es blieb nur der Neukauf","Agilent does not repair pumps, there is no exchange program, the only option is to buy a new one","Agilent does not repair pumps, there is no exchange program"
02/10/2022 03:55:14,_1_Q05_TR_3,R_8v59kxgfoGJz9Yh,Other Reason for Ability to Diagnose Issue,"Diagnose war schon vor der Kontaktaufnahme bekannt, somit nur Klärung des Austauschtermins pumpe notwendig","The diagnosis was already known before contact was made, so only clarification of the pump replacement date was necessary",clarification of the pump replacement date was necessary
02/10/2022 03:55:14,_1_Q05_TR_3,R_brzQBqrbUsk9TEN,Other Reason for Ability to Diagnose Issue,problema risolto,problem solved,problem solved
02/10/2022 03:55:35,_1_Q06_TR_3,R_elI1raK18ozei4R,Other Reason for Ease of Scheduling Onsite Service,"Es wäre einfacher, den Termin telefonisch zu vereinbaren anstatt einen Terminvorschlag per E-Mail zu erhalten und falls nicht passend, ebenfalls per E-Mail einen Gegenvorschlag zu machen.","It would be easier to arrange the appointment by telephone instead of receiving an appointment suggestion by email and, if not suitable, to also make a counter-suggestion by email",would be easier to arrange the appointment by telephone instead of receiving an appointment suggestion by email
02/10/2022 03:55:35,_1_Q06_TR_3,R_0whjr3M43CEnXcp,Other Reason for Ease of Scheduling Onsite Service,När vi förväntade oss att servicetekniker skulle bokas in fick vi istället instruktioner om hur vi själva skulle felsöka i flera steg.,"When we expected service technicians to be booked in, we instead received instructions on how to troubleshoot ourselves in several steps","When we expected service technicians to be booked in, we instead received instructions on how to troubleshoot"
02/10/2022 03:55:35,_1_Q06_TR_3,R_cCibpbhYpOag7mB,Other Reason for Ease of Scheduling Onsite Service,Wartung aus 2017 wurde erst auf Nachfrage in 2018 durchgeführt,Maintenance from 2017 was only carried out upon request in 2018,Maintenance was only carried out upon request
02/10/2022 03:55:35,_1_Q06_TR_3,R_6o2t7NBU2l52K7H,Other Reason for Ease of Scheduling Onsite Service,信頼できるサービス担当者になるまでにこちらの労力が非常にかかった。,It took a lot of effort on my part to become a reliable service representative,It took a lot of effort on my part to become a reliable service representative
02/10/2022 03:55:35,_1_Q06_TR_3,R_bd8unull7wMdmex,Other Reason for Ease of Scheduling Onsite Service,ご質問の内容が分かりませんでした。,I didn't understand your question,I didn't understand your question
02/10/2022 03:55:35,_1_Q06_TR_3,R_0Dpg7FJubSIPzNz,Other Reason for Ease of Scheduling Onsite Service,送られて来た密封された交換部品が欠陥で再度交換を必要とした。前触れ無く部品が送られ��来たので部署外の者が対応した。,"The sealed replacement part that was sent to me was defective and needed to be replaced again. The parts were sent without warning, so someone outside the department took care of them.",sealed replacement part that was sent to me was defective and needed to be replaced again
02/10/2022 03:55:35,_1_Q06_TR_3,R_cUty62MVvXIThqZ,Other Reason for Ease of Scheduling Onsite Service,NO TIENEN LA PIEZA DAÑADA EN INVENTARIO,THEY DO NOT HAVE THE DAMAGED PART IN INVENTORY,DO NOT HAVE THE DAMAGED PART IN INVENTORY
02/10/2022 03:55:35,_1_Q06_TR_3,R_cC5jPpVTIyXNXXn,Other Reason for Ease of Scheduling Onsite Service,スケジュールが混みあっていて，かなり前に予約する必要があった,The schedule was busy and I had to make reservations far in advance,schedule was busy and I had to make reservations far in advance
02/10/2022 03:55:35,_1_Q06_TR_3,R_dj341nji7NrNyqp,Other Reason for Ease of Scheduling Onsite Service,pas de déplacement planifié tant que pas de commande d'une multitude de piéces ...,no trip planned as long as a multitude of parts are not ordered,no trip planned as long as a multitude of parts are not ordered
02/10/2022 03:55:23,_1_Q06_2,R_9ZhsB982Jem4LpH,Other Reason for Ease of Scheduling Onsite Service,planning proposed by me even given that a technician came to another device the next interview,planning proposed by me even given that a technician came to another device the next interview,planning proposed by me even given that a technician came to another device the next interview
02/10/2022 03:55:23,_1_Q06_2,R_8tRowQwXhpS7W4d,Other Reason for Ease of Scheduling Onsite Service,"Engineers failed to inform in advance the door directly to the company to lead to temporarily adjust the working arrangements, and to some extent.","Engineers failed to inform in advance the door directly to the company to lead to temporarily adjust the working arrangements, and to some extent",Engineers failed to inform in advance the door directly to the company to lead to temporarily adjust the working arrangements
02/10/2022 03:55:23,_1_Q06_2,R_8IKIBY2PuGDSjAN,Other Reason for Ease of Scheduling Onsite Service,"Not enough support for our region, so time of the service engineer is stretched quite thin.","Not enough support for our region, so time of the service engineer is stretched quite thin","Not enough support for our region, so time of the service engineer is stretched"
02/10/2022 03:55:23,_1_Q06_2,R_eeXZklUA0UOlM21,Other Reason for Ease of Scheduling Onsite Service,There were many steps in order to schedule service.  I talked to at least 4 people to get service scheduled.,There were many steps in order to schedule service.  I talked to at least 4 people to get service scheduled,There were many steps in order to schedule service
02/10/2022 03:55:23,_1_Q06_2,R_eORM92cLihohqHb,Other Reason for Ease of Scheduling Onsite Service,"Planning responsible side Agilent, when we had to postpone (because of us) the carry-over was + 3 months","Planning responsible side Agilent, when we had to postpone (because of us) the carry-over was + 3 months","Planning responsible side Agilent, when we had to postpone"
02/10/2022 03:55:23,_1_Q06_2,R_d3TFpG5KPqt5vW5,Other Reason for Ease of Scheduling Onsite Service,There's going to be a long time before a technician can be,There is going to be a long time before a technician can be,There is going to be a long time before a technician
02/10/2022 03:55:23,_1_Q06_2,R_2bM6sertMwrZ4P3,Other Reason for Ease of Scheduling Onsite Service,"lack of ability to call for warranty letter, even for a stable organization with a complex structure of budget planning","lack of ability to call for warranty letter, even for a stable organization with a complex structure of budget planning","lack of ability to call for warranty letter, even for a stable organization with a complex structure of budget planning"
02/10/2022 03:55:23,_1_Q06_2,R_3ELCRDhrDpP7S3b,Other Reason for Ease of Scheduling Onsite Service,Service is good; I'm satisfy,Service is good. I'm satisfy,Service is good
02/10/2022 03:55:23,_1_Q06_2,R_023D6APeXtaE9W5,Other Reason for Ease of Scheduling Onsite Service,Periodic inspection was slower than desired.,Periodic inspection was slower than desired,Periodic inspection was slower than desired
02/10/2022 03:55:23,_1_Q06_2,R_6S7vS9L510svH6d,Other Reason for Ease of Scheduling Onsite Service,"The contract specifies maximum for two days, has not been fulfilled. We get the equipment inoperable in the meantime.","The contract specifies maximum for two days, has not been fulfilled. We get the equipment inoperable in the meantime.","contract specifies maximum for two days, has not been fulfilled. We get the equipment inoperable"
02/10/2022 03:55:23,_1_Q06_2,R_5pTeJV04G2HueuV,Other Reason for Ease of Scheduling Onsite Service,Several miscommunication events after repeatedly correcting Agilent about who the main contact is at our company to schedule the proper services.,Several miscommunication events after repeatedly correcting Agilent about who the main contact is at our company to schedule the proper services,Several miscommunication events after repeatedly correcting about who the main contact is at our company to schedule the proper services
02/10/2022 03:55:23,_1_Q06_2,R_cBeSOCFPIXnBB77,Other Reason for Ease of Scheduling Onsite Service,little time devoted to test the system once solved the problem,little time devoted to test the system once solved the problem,little time devoted to test the system
02/10/2022 03:55:23,_1_Q06_2,R_6JApqeea7KlsUCN,Other Reason for Ease of Scheduling Onsite Service,"In General, the procedure of the appointment is too complicated and time consuming. Other providers require no signed estimate, before someone to the appointment logs at all. This wastes unnecessary time.","In General, the procedure of the appointment is too complicated and time consuming. Other providers require no signed estimate, before someone to the appointment logs at all. This wastes unnecessary time.",the procedure of the appointment is too complicated and time consuming. This wastes unnecessary time
02/10/2022 03:55:23,_1_Q06_2,R_6o2t7NBU2l52K7H,Other Reason for Ease of Scheduling Onsite Service,Service personnel you can trust until this effort it took very much.,Service personnel you can trust until this effort it took very much,Service personnel you can trust until this effort it took very much
02/10/2022 03:55:23,_1_Q06_2,R_cVlXRQYKqiVCDit,Other Reason for Ease of Scheduling Onsite Service,"Technical difficulties which require on-site inspection need to wait for schedule meet up (subject to availability), urgent matter not able to fix on time.","Technical difficulties which require on-site inspection need to wait for schedule meet up (subject to availability), urgent matter not able to fix on time","Technical difficulties which require on-site inspection need to wait for schedule meet up (subject to availability), urgent matter not able to fix on time"
02/10/2022 03:55:23,_1_Q06_2,R_cuqF662DuvuZgqh,Other Reason for Ease of Scheduling Onsite Service,"Date was changed at short notice, due to lack of engineer.","Date was changed at short notice, due to lack of engineer","Date was changed at short notice, due to lack of engineer"
02/10/2022 03:55:23,_1_Q06_2,R_54GFanoSqj6L0jj,Other Reason for Ease of Scheduling Onsite Service,Have to go through Agilent to get to scheduler to get to FSE,Have to go through Agilent to get to scheduler to get to FSE,Have to go through Agilent to get to scheduler to get to FSE
02/10/2022 03:55:23,_1_Q06_2,R_9tdRHPsCSCQpjSt,Other Reason for Ease of Scheduling Onsite Service,Long periods up to date maintenance counseling.,Long periods up to date maintenance counseling,Long periods up to date maintenance counseling
02/10/2022 03:55:23,_1_Q06_2,R_bx6eDnriVvF33Ap,Other Reason for Ease of Scheduling Onsite Service,engineer arrived unannounced and unsceduled to fit part which had not been recieved,engineer arrived unannounced and unscheduled to fit part which has not been received,engineer arrived unannounced and unscheduled to fit part which has not been received
02/10/2022 03:55:23,_1_Q06_2,R_6Mgvck5LPmPw4F7,Other Reason for Ease of Scheduling Onsite Service,"Do we still have the maintenance contract, the service was conducted in order to provide a service (OPS) and this mode does not have priority.","Do we still have the maintenance contract, the service was conducted in order to provide a service (OPS) and this mode does not have priority","Do we still have the maintenance contract, the service was conducted in order to provide a service (OPS) and this mode does not have priority"
02/10/2022 03:55:22,_1_Q06_TR,R_eDQoiaWNebRaOhL,Other Reason for Quality of Information to Support Decision Making,Demora no envio de orçamento e resposta técnica,Delay in sending quotes and technical response,Delay in sending quotes and technical response
02/10/2022 03:55:22,_1_Q06_TR,R_d6jRgGAj10bnmDP,Other Reason for Quality of Information to Support Decision Making,保守契約に関する情報が得られなかった,Information regarding maintenance contract could not be obtained,Information regarding maintenance contract could not be obtained
02/10/2022 03:55:22,_1_Q06_TR,R_81eaVvmvyHUCx13,Other Reason for Quality of Information to Support Decision Making,アプリケーションのバグ問題について解決手段など，明確に提示されなかった,No clear solutions were provided for application bug issues,No clear solutions were provided for application bug issues
02/10/2022 03:55:22,_1_Q06_TR,R_6LRJeOsxcKcu709,Other Reason for Quality of Information to Support Decision Making,もともと使用していた機器の後継機の購入なので、他のものを考えてなかった,"Since I was purchasing a successor to the device I was originally using, I hadn't considered anything else","Since I was purchasing a successor to the device I was originally using, I hadn't considered anything else"
02/10/2022 03:55:09,_1_Q04_2,R_0qR7v3d0m709qcd,Instrument: Other Reason for Technical Performance,The use does not differ from the original fakhrueang version that existed previously.,The use does not differ from the original version that existed previously,The use does not differ from the original version that existed previously
02/10/2022 03:55:09,_1_Q04_2,R_3n49aEtfNOXRDDv,Instrument: Other Reason for Technical Performance,"ICP ignition difficult, argon pressure difficult to adjust in the right range.","ICP ignition difficult, argon pressure difficult to adjust in the right range","ICP ignition difficult, argon pressure difficult to adjust in the right range"
02/10/2022 03:55:09,_1_Q04_2,R_8tVTUmxPMqePxf7,Instrument: Other Reason for Technical Performance,"already, a technician must come for the 2nd time, to repair the HS 7967A","already, a technician must come for the 2nd time, to repair the HS 7967A","technician came for the 2nd time, to repair"
02/10/2022 03:55:09,_1_Q04_2,R_9tdydFcui9VyXc1,Instrument: Other Reason for Technical Performance,Service from service person is very poor. No response in case of emergency.,Service from service person is very poor. No response in case of emergency,Service from service person is very poor. No response in case of emergency
02/10/2022 03:55:09,_1_Q04_2,R_dpvSP0oGVXRNlnD,Instrument: Other Reason for Technical Performance,Change of software. Very different from previous version so takes time to learn.,Change of software. Very different from previous version so takes time to learn,Change of software. Very different from previous version so takes time to learn
02/10/2022 03:55:09,_1_Q04_2,R_1LjqYAZDjNTXqHH,Instrument: Other Reason for Technical Performance,"New version (B.09) of MassHunter Qulitative Analysis is very inconvenient to use. So, I use the old version (B. 06) only. Even, PC performance is too slow. The price of MassHunter software was ~10K, so it was a money waste.","New version (B.09) of MassHunter Qulitative Analysis is very inconvenient to use. So, I use the old version (B. 06) only. Even, PC performance is too slow. The price of MassHunter software was ~10K, so it was a money waste.",New version of MassHunter Qulitative Analysis is very inconvenient to use and was a money waste
02/10/2022 03:55:09,_1_Q04_2,R_elIee6R4Rohm0NT,Instrument: Other Reason for Technical Performance,"stir plate broke after only a few uses, also does not have a strong enough magnet to turn the standard star shaped stir bars used for similar instruments","stir plate broke after only a few uses, also does not have a strong enough magnet to turn the standard star shaped stir bars used for similar instruments",stir plate broke after only a few uses and does not have a strong enough magnet to turn the standard star shaped stir bars used for similar instruments
02/10/2022 03:55:09,_1_Q04_2,R_cFOQv7CyxQjAa33,Instrument: Other Reason for Technical Performance,"Is no doubt very simple, easy to use equipment in the relatively narrow range of quantitative, to measure the concentrations of various sample dilution with measuring equipment, other required","Is no doubt very simple, easy to use equipment in the relatively narrow range of quantitative, to measure the concentrations of various sample dilution with measuring equipment, other required","very simple, easy to use equipment in the relatively narrow range of quantitative, to measure the concentrations of various sample dilution with measuring equipment"
02/10/2022 03:55:06,_1_Q04_3,R_cD4Fc7JoXlyvAfH,Other Reason for Ease of Finding Information Using Search Function Rating,specification sheets are no longer accessible,specification sheets are no longer accessible,specification sheets are no longer accessible
02/10/2022 03:55:06,_1_Q04_3,R_8kySNUDKyhDbUu9,Other Reason for Ease of Finding Information Using Search Function Rating,did not used the search function,did not used the search function,did not used the search function
02/10/2022 03:55:06,_1_Q04_3,R_bxCIvGXMD5guwsJ,Other Reason for Ease of Finding Information Using Search Function Rating,Navigation guides are not very useful.,Navigation guides are not very useful,Navigation guides are not very useful
02/10/2022 03:55:06,_1_Q04_3,R_d4Hp9PgArIPWNSJ,Other Reason for Ease of Finding Information Using Search Function Rating,it requires additional search option on every search,it requires additional search option on every search,it requires additional search option on every search
02/10/2022 03:55:08,_1_Q06_TR_1,R_8pFWF9QCY2U8m1v,Other Reason for Installing Product in Desired Timeframe,納品された部品が間違っていた。,The parts delivered were incorrect,The parts delivered were incorrect
02/10/2022 03:55:08,_1_Q06_TR_1,R_8wUt0F4Qts6ZkG1,Other Reason for Installing Product in Desired Timeframe,el problema persiste y el equipo no está en uso,The problem persists and the equipment is not in use,The problem persists and the equipment is not in use
02/10/2022 03:55:08,_1_Q06_TR_1,R_bNoumXoN0o0dWfj,Other Reason for Installing Product in Desired Timeframe,설치 오류,installation error,installation error
02/10/2022 03:55:08,_1_Q06_TR_1,R_cLJSg2i2WiTKT2t,Other Reason for Installing Product in Desired Timeframe,初期不良によりパーツの取り寄せに時間がかかり、セットアップに1ヶ月ほど要した,"Due to initial defects, it took time to order parts, and it took about a month to set up","Due to initial defects, it took time to order parts"
02/10/2022 03:55:08,_1_Q06_TR_1,R_cXXRN8EYhml0Llj,Other Reason for Installing Product in Desired Timeframe,"Trotz fester Terminabsprache wusste der beauftragte MA nichts von einer Installation. Erst wegen meiner Nachfrage kam dann der Monteur mit ca. 1,5 Std. Verzögerung. Hätte ich nicht nachgefragt, hätte die Installation an dem Tag nicht stattgefunden.","Despite a fixed appointment, the authorized employee knew nothing about an installation. It was only because of my inquiry that the fitter arrived with a delay of around 1.5 hours. If I hadn't asked, the installation wouldn't have taken place that day.","Despite a fixed appointment, the authorized employee knew nothing about an installation"
02/10/2022 03:55:26,_1_Q05,R_1Y8oI2NjZmoVdEp,Other Reason for Availability of Information on Agilent Website,The part I was looking for was not listed on the website.,The part I was looking for was not listed on the website,The part I was looking for was not listed on the website
02/10/2022 03:55:21,_1_Q06_TR_2,R_3Q9kT52Yco7NDpz,Other Reason for Ease of Use,メンテナンスの仕方が分からない。機種に対応したトレーニングも無い。,I don't know how to maintain it. There is no training available for each model,don't know how to maintain it and no training available for each model
02/10/2022 03:55:21,_1_Q06_TR_2,R_56jxcR2XXVwMFCZ,Other Reason for Ease of Use,"software bevat een fout, oplossen hiervan kost veel te veel tijd","software contains an error, solving it takes far too much time","software contains an error, solving it takes far too much time"
02/10/2022 03:55:21,_1_Q06_TR_2,R_3ekbAUnNe8sZVwV,Other Reason for Ease of Use,EL EQUIPO TUVO QUE SER INSTALADO EN OTRO INSTRUMENTO POR FALTA DE PIEZAS,THE EQUIPMENT HAD TO BE INSTALLED IN ANOTHER INSTRUMENT DUE TO LACK OF PARTS,THE EQUIPMENT HAD TO BE INSTALLED IN ANOTHER INSTRUMENT DUE TO LACK OF PARTS
02/10/2022 03:55:21,_1_Q06_TR_2,R_6JY6LWRFAFnWn1r,Other Reason for Ease of Use,元のメソッドファイルを変更するとデータファイルの分析条件を参照できなくなってしまう。島津製作所のデータ解析では各データファイルに分析条件が格納されているために元のメソッドファイルを変更してもデータファイルから分析条件を確認できる。,"If you change the original method file, you will no longer be able to refer to the analysis conditions in the data file. In Shimadzu's data analysis, analysis conditions are stored in each data file, so even if the original method file is changed, the analysis conditions can be checked from the data file.","If you change the original method file, you will no longer be able to refer to the analysis conditions in the data file"
02/10/2022 03:55:21,_1_Q06_TR_2,R_eePn2XqfJZXoV37,Other Reason for Ease of Use,你们的问卷调查总是错位,Your surveys are always misplaced,Your surveys are always misplaced
02/10/2022 03:55:21,_1_Q05_TR_2,R_3Q9kT52Yco7NDpz,Other Reason for Product Reliability,納品時のセットアップが適切でなかった,The setup at the time of delivery was not appropriate,The setup at the time of delivery was not appropriate
02/10/2022 03:55:21,_1_Q05_TR_2,R_6mVPGiHSmzRhQNv,Other Reason for Product Reliability,Siehe oben,See above,See above
02/10/2022 03:55:21,_1_Q05_TR_2,R_9vqe5sXr8pIOpjD,Other Reason for Product Reliability,无,none,none
02/10/2022 03:55:21,_1_Q05_TR_2,R_3CawyiqkxNqTINv,Other Reason for Product Reliability,本体電源の入切で復帰はするが、ポンプが動作しないことがたまにある。電源の入切で復帰,"Although the system recovers by turning the power on and off, the pump sometimes does not work. Recovers by turning the power on and off","system recovers by turning the power on and off, the pump sometimes does not work"
02/10/2022 03:55:30,_1_Q05_3,R_1XMFmAGfBhlZn9z,Other Reason for Product Reliability,As above column problems,As above column problems,As above column problems
02/10/2022 03:55:30,_1_Q05_3,R_eKgorqYnOltMnvD,Other Reason for Product Reliability,more often you have to start wont start,more often you have to start wont start,more often you have to start wont start
02/10/2022 03:55:30,_1_Q05_3,R_elLe0wAJvpan7LL,Other Reason for Product Reliability,You raised our yearly service contract from 8000$ to 12000$ and then refused to provide the same service!,You raised our yearly service contract from 8000$ to 12000$ and then refused to provide the same service,You raised our yearly service contract and then refused to provide the same service
02/10/2022 03:55:15,_1_Q09_1,R_0kxRjezl3SBJUih,Other Reason for Time to Resolve Your Issue,Closing the phone platform for a day for some unknown reason,Closing the phone platform for a day for some unknown reason,Closing the phone platform for a day for some unknown reason
02/10/2022 03:55:15,_1_Q09_1,R_0v0t3eFnMoFrs8t,Other Reason for Time to Resolve Your Issue,"The issue is still not resolved,. Due to the computer error instead of one instrument requiring service they both did.  One of the two is qualified but the other qualification is now void and has not been requalified.","The issue is still not resolved. Due to the computer error, instead of one instrument requiring service they both did.  One of the two is qualified but the other qualification is now void and has not been requalified","Due to the computer error, instead of one instrument requiring service they both did.  One of the two is qualified but the other qualification is now void and has not been requalified"
02/10/2022 03:55:15,_1_Q09_1,R_25H645qXV9PCSlD,Other Reason for Time to Resolve Your Issue,"The staff has looked at the Agilent settings on the device, tried some changes, but not stored at my request. Then the Chromäleon could such work alone again (before Chromäleon stopped a run in the middle of the recording without apparent reason, therefore I have typed on the FID). What has irritated me then is at the rate of 2 hours of expensive work, although the service technician spent maximum 45 min for my device.","The staff has looked at the Agilent settings on the device, tried some changes, but not stored at my request. Then the Chromäleon could such work alone again (before Chromäleon stopped a run in the middle of the recording without apparent reason, therefore I have typed on the FID). What has irritated me then is at the rate of 2 hours of expensive work, although the service technician spent maximum 45 min for my device.","The staff has looked at the Agilent settings on the device, tried some changes, but not stored at my request"
02/10/2022 03:55:15,_1_Q09_1,R_23Kx0ohV19LM0rr,Other Reason for Time to Resolve Your Issue,"device is placed, but system still needs to be exchanged for a full new LCMSMS because this didn't fix it. That in itself is of course a disappointing experience at the first installation if this happened.","device is placed, but system still needs to be exchanged for a full new LCMSMS because this didn't fix it. That in itself is of course a disappointing experience at the first installation if this happened.","device is placed, but system still needs to be exchanged because they didn't fix it. That in itself is of course a disappointing experience at the first installation if this happened"
02/10/2022 03:55:15,_1_Q09_1,R_2bZskQiid1BEFZr,Other Reason for Time to Resolve Your Issue,wait time on phone,wait time on phone,wait time on phone
02/10/2022 03:55:15,_1_Q09_1,R_40iARZZOvMiwFxP,Other Reason for Time to Resolve Your Issue,"Hard to explain the issue, ran through tests","Hard to explain the issue, ran through tests","Hard to explain the issue, ran through tests"
02/10/2022 03:55:15,_1_Q09_1,R_6WmOiFW4pynKY3b,Other Reason for Time to Resolve Your Issue,On site repair engineer is not aware of all the information/details on issue provided through e-mail to Agilent's Remote Support. Need to explain again to service engineer on site what was shared to Remote Support.,On site repair engineer is not aware of all the information/details on issue provided through e-mail to Agilent's Remote Support. Need to explain again to service engineer on site what was shared to Remote Support.,On site repair engineer is not aware of all the information/details on issue provided through e-mail. Need to explain again to service engineer
02/10/2022 03:55:15,_1_Q09_1,R_6tKQNC14pJls7Y1,Other Reason for Time to Resolve Your Issue,When the instrument works then I might be satified. It will be off waranty soon?,When the instrument works then I might be satisfied. It will be off warranty soon?,When the instrument works then I might be satisfied
02/10/2022 03:55:15,_1_Q09_1,R_3zbEneVjGz26iVf,Other Reason for Time to Resolve Your Issue,Answer is not satisfactory in the Grundgenommen,Answer is not satisfactory in the Grund Genommen,Answer is not satisfactory in the Grund Genommen
02/10/2022 03:55:15,_1_Q09_1,R_5dTd9kTcs44YYRf,Other Reason for Time to Resolve Your Issue,Problem not solved,Problem not solved,Problem not solved
02/10/2022 03:55:15,_1_Q09_1,R_9ubt37kM0XioXIx,Other Reason for Time to Resolve Your Issue,Remote diagnosis with incorrect recommendation; Appliance replacement did not resolve the problem; Technicians use only months after first contact,Remote diagnosis with incorrect recommendation; Appliance replacement did not resolve the problem; Technicians use only months after first contact,Remote diagnosis with incorrect recommendation; Appliance replacement did not resolve the problem; Technicians use only months after first contact
02/10/2022 03:55:15,_1_Q09_1,R_57q0ueNKSDpZ3CJ,Other Reason for Time to Resolve Your Issue,too much time of attention phone,too much time of attention phone,too much time of attention phone
02/10/2022 03:55:15,_1_Q09_1,R_ab1hh9BCjQ3s4W9,Other Reason for Time to Resolve Your Issue,"After desensitization, analysis, maintenance contract: If you request a personal problem even tricky procedures and supplies schedule does not give reasons for visiting the pretext for too long, right up to solving the jam.","After desensitization, analysis, maintenance contract: If you request a personal problem even tricky procedures and supplies schedule does not give reasons for visiting the pretext for too long, right up to solving the jam.","After desensitization, analysis, maintenance contract: If you request a personal problem even tricky procedures and supplies schedule does not give reasons for visiting the pretext for too long, right up to solving the jam."
02/10/2022 03:55:15,_1_Q09_1,R_9RDcp4OdjdqjAHj,Other Reason for Time to Resolve Your Issue,took multiple phone calls/emails to resolve,took multiple phone calls/emails to resolve,took multiple phone calls/emails to resolve
02/10/2022 03:55:15,_1_Q09_1,R_9MjoJvtZKDPMmiN,Other Reason for Time to Resolve Your Issue,Length of time it took to resolve the issue.,Length of time it took to resolve the issue.,Length of time it took to resolve the issue.
02/10/2022 03:55:15,_1_Q09_1,R_7QVNOqP52bK6Bwh,Other Reason for Time to Resolve Your Issue,repair services for vacuum pump are not offered,repair services for vacuum pump are not offered,repair services for vacuum pump are not offered
02/10/2022 03:55:15,_1_Q09_1,R_aaCiotqoEemGA3r,Other Reason for Time to Resolve Your Issue,"Not in special early and late did not. Had come during the reinstall, but I took time to","Not in special early and late did not. Had come during the reinstall, but I took time to fix it. ","Not in special early and late did not. Had come during the reinstall, but I took time to fix it. "
